{"final_evaluation":{"cosine_loss":0.9519161220516976,"cross_entropy_loss":0.9238912378727357,"decoded_embeddings":{"us-code-20-18-cd9a248f07f46dcf":[0.059511,0.005923,0.345721,0.515713,-0.748957,-0.168496,0.14312,-0.033606],"us-code-22-286ee-6742eff5bf2ba235":[-0.106459,-0.266393,0.096647,0.219541,-0.240514,0.486425,0.742026,-0.122894],"us-code-25-712d-21dfbbe4ca8c836d":[-0.261042,0.164069,0.2081,-0.107981,-0.152537,-0.514222,0.581579,-0.473336],"us-code-50-213.-b38307b371a573c8":[-0.081312,0.308774,0.061117,-0.594962,0.004252,0.010895,0.08583,-0.729951]},"embedding_cosine_similarity":0.04808387794830239,"frame_ranking_loss":0.0,"reconstruction_loss":0.4713821994644375,"sample_count":4,"symbolic_validity_penalty":0.0},"steps":[{"after":{"cosine_loss":0.9519161220516976,"cross_entropy_loss":0.9238912378727357,"decoded_embeddings":{"us-code-20-18-cd9a248f07f46dcf":[0.059511,0.005923,0.345721,0.515713,-0.748957,-0.168496,0.14312,-0.033606],"us-code-22-286ee-6742eff5bf2ba235":[-0.106459,-0.266393,0.096647,0.219541,-0.240514,0.486425,0.742026,-0.122894],"us-code-25-712d-21dfbbe4ca8c836d":[-0.261042,0.164069,0.2081,-0.107981,-0.152537,-0.514222,0.581579,-0.473336],"us-code-50-213.-b38307b371a573c8":[-0.081312,0.308774,0.061117,-0.594962,0.004252,0.010895,0.08583,-0.729951]},"embedding_cosine_similarity":0.04808387794830239,"frame_ranking_loss":0.0,"reconstruction_loss":0.4713821994644375,"sample_count":4,"symbolic_validity_penalty":0.0},"applied_count":0,"applied_updates":[],"autoencoder_claimed_count":2,"before":{"cosine_loss":0.9519161220516976,"cross_entropy_loss":0.9238912378727357,"decoded_embeddings":{"us-code-20-18-cd9a248f07f46dcf":[0.059511,0.005923,0.345721,0.515713,-0.748957,-0.168496,0.14312,-0.033606],"us-code-22-286ee-6742eff5bf2ba235":[-0.106459,-0.266393,0.096647,0.219541,-0.240514,0.486425,0.742026,-0.122894],"us-code-25-712d-21dfbbe4ca8c836d":[-0.261042,0.164069,0.2081,-0.107981,-0.152537,-0.514222,0.581579,-0.473336],"us-code-50-213.-b38307b371a573c8":[-0.081312,0.308774,0.061117,-0.594962,0.004252,0.010895,0.08583,-0.729951]},"embedding_cosine_similarity":0.04808387794830239,"frame_ranking_loss":0.0,"reconstruction_loss":0.4713821994644375,"sample_count":4,"symbolic_validity_penalty":0.0},"claimed_count":2,"claimed_open_count":6,"completed_count":0,"completed_todo_ids":[],"cosine_similarity_delta":0.0,"created_at":"2026-05-18T07:21:56+00:00","cross_entropy_delta":0.0,"failed_validation_count":2,"failed_validation_todo_ids":["c110333f3e1c6ee2","f76b2b2c07b40981"],"improved":false,"iteration":1,"loss_seeded_count":12,"pending_count":60,"program_synthesis_pending_count":10,"program_synthesis_seeded_count":4,"seeded_count":16,"validation_after":{"cosine_loss":1.0187275658924322,"cross_entropy_loss":3.576931087150223,"decoded_embeddings":{"us-code-12-1843-e8fd4d832d7e4dad":[-0.592862,-0.536022,0.257248,0.125772,-0.331692,0.065448,0.405256,-0.025774],"us-code-16-410jj-1-ea14cc240acad739":[0.660482,0.599373,-0.306216,-0.040851,0.131427,0.048218,0.257328,0.152522],"us-code-22-5351-c75dee72cc5e39a0":[0.327583,-0.470733,0.167504,0.0,0.133053,-0.654274,0.44341,-0.025541],"us-code-26-6039B-66a79f76a11a474f":[0.113826,-0.21624,0.817118,0.126408,0.011119,-0.278566,0.323921,-0.271983]},"embedding_cosine_similarity":-0.018727565892432255,"frame_ranking_loss":0.0,"reconstruction_loss":0.5703299365770312,"sample_count":4,"symbolic_validity_penalty":0.0},"validation_before":{"cosine_loss":1.0187275658924322,"cross_entropy_loss":3.576931087150223,"decoded_embeddings":{"us-code-12-1843-e8fd4d832d7e4dad":[-0.592862,-0.536022,0.257248,0.125772,-0.331692,0.065448,0.405256,-0.025774],"us-code-16-410jj-1-ea14cc240acad739":[0.660482,0.599373,-0.306216,-0.040851,0.131427,0.048218,0.257328,0.152522],"us-code-22-5351-c75dee72cc5e39a0":[0.327583,-0.470733,0.167504,0.0,0.133053,-0.654274,0.44341,-0.025541],"us-code-26-6039B-66a79f76a11a474f":[0.113826,-0.21624,0.817118,0.126408,0.011119,-0.278566,0.323921,-0.271983]},"embedding_cosine_similarity":-0.018727565892432255,"frame_ranking_loss":0.0,"reconstruction_loss":0.5703299365770312,"sample_count":4,"symbolic_validity_penalty":0.0},"validation_cosine_similarity_delta":0.0,"validation_cross_entropy_delta":0.0,"worker_id":"random-uscode-daemon-detached"}],"stopped_reason":"no_validated_improvement","validation_final_evaluation":{"cosine_loss":1.0187275658924322,"cross_entropy_loss":3.576931087150223,"decoded_embeddings":{"us-code-12-1843-e8fd4d832d7e4dad":[-0.592862,-0.536022,0.257248,0.125772,-0.331692,0.065448,0.405256,-0.025774],"us-code-16-410jj-1-ea14cc240acad739":[0.660482,0.599373,-0.306216,-0.040851,0.131427,0.048218,0.257328,0.152522],"us-code-22-5351-c75dee72cc5e39a0":[0.327583,-0.470733,0.167504,0.0,0.133053,-0.654274,0.44341,-0.025541],"us-code-26-6039B-66a79f76a11a474f":[0.113826,-0.21624,0.817118,0.126408,0.011119,-0.278566,0.323921,-0.271983]},"embedding_cosine_similarity":-0.018727565892432255,"frame_ranking_loss":0.0,"reconstruction_loss":0.5703299365770312,"sample_count":4,"symbolic_validity_penalty":0.0}}
