{"final_evaluation":{"cosine_loss":0.9231138741324518,"cross_entropy_loss":8.390075000339584,"decoded_embeddings":{"us-code-42-285c-0285e4af0d33bf1e":[-0.389082,-0.420527,0.380046,0.099936,0.168066,0.417093,-0.421611,-0.370649],"us-code-7-136a-13a7680c156dd041":[-0.422723,0.244651,0.153851,-0.473521,0.221698,0.152041,0.663708,-0.028015]},"embedding_cosine_similarity":0.07688612586754809,"frame_ranking_loss":0.0,"reconstruction_loss":0.4404662449426875,"sample_count":2,"symbolic_validity_penalty":0.0},"steps":[{"after":{"cosine_loss":0.9231138741324518,"cross_entropy_loss":8.390075000339584,"decoded_embeddings":{"us-code-42-285c-0285e4af0d33bf1e":[-0.389082,-0.420527,0.380046,0.099936,0.168066,0.417093,-0.421611,-0.370649],"us-code-7-136a-13a7680c156dd041":[-0.422723,0.244651,0.153851,-0.473521,0.221698,0.152041,0.663708,-0.028015]},"embedding_cosine_similarity":0.07688612586754809,"frame_ranking_loss":0.0,"reconstruction_loss":0.4404662449426875,"sample_count":2,"symbolic_validity_penalty":0.0},"applied_count":0,"applied_updates":[],"autoencoder_claimed_count":1,"before":{"cosine_loss":0.9231138741324518,"cross_entropy_loss":8.390075000339584,"decoded_embeddings":{"us-code-42-285c-0285e4af0d33bf1e":[-0.389082,-0.420527,0.380046,0.099936,0.168066,0.417093,-0.421611,-0.370649],"us-code-7-136a-13a7680c156dd041":[-0.422723,0.244651,0.153851,-0.473521,0.221698,0.152041,0.663708,-0.028015]},"embedding_cosine_similarity":0.07688612586754809,"frame_ranking_loss":0.0,"reconstruction_loss":0.4404662449426875,"sample_count":2,"symbolic_validity_penalty":0.0},"claimed_count":1,"claimed_open_count":1,"completed_count":0,"completed_todo_ids":[],"cosine_similarity_delta":0.0,"created_at":"2026-05-17T14:47:02+00:00","cross_entropy_delta":0.0,"failed_validation_count":1,"failed_validation_todo_ids":["40b5e611fb5ab2e2"],"improved":false,"iteration":1,"loss_seeded_count":6,"pending_count":177,"program_synthesis_pending_count":62,"program_synthesis_seeded_count":2,"seeded_count":8,"validation_after":{"cosine_loss":1.1358077554201984,"cross_entropy_loss":1.5324915935296333,"decoded_embeddings":{"us-code-34-12461-ddaa96a2055732ce":[0.132846,-0.877839,0.218715,-0.077955,-0.171738,0.108251,0.249182,-0.233523],"us-code-50-2736.-7d020c287985eabd":[-0.259006,0.058637,0.229739,-0.843597,0.225559,0.006794,-0.261932,0.21333]},"embedding_cosine_similarity":-0.13580775542019835,"frame_ranking_loss":0.0,"reconstruction_loss":0.5925994790735,"sample_count":2,"symbolic_validity_penalty":0.0},"validation_before":{"cosine_loss":1.1358077554201984,"cross_entropy_loss":1.5324915935296333,"decoded_embeddings":{"us-code-34-12461-ddaa96a2055732ce":[0.132846,-0.877839,0.218715,-0.077955,-0.171738,0.108251,0.249182,-0.233523],"us-code-50-2736.-7d020c287985eabd":[-0.259006,0.058637,0.229739,-0.843597,0.225559,0.006794,-0.261932,0.21333]},"embedding_cosine_similarity":-0.13580775542019835,"frame_ranking_loss":0.0,"reconstruction_loss":0.5925994790735,"sample_count":2,"symbolic_validity_penalty":0.0},"validation_cosine_similarity_delta":0.0,"validation_cross_entropy_delta":0.0,"worker_id":"random-uscode-daemon-detached"}],"stopped_reason":"no_validated_improvement","validation_final_evaluation":{"cosine_loss":1.1358077554201984,"cross_entropy_loss":1.5324915935296333,"decoded_embeddings":{"us-code-34-12461-ddaa96a2055732ce":[0.132846,-0.877839,0.218715,-0.077955,-0.171738,0.108251,0.249182,-0.233523],"us-code-50-2736.-7d020c287985eabd":[-0.259006,0.058637,0.229739,-0.843597,0.225559,0.006794,-0.261932,0.21333]},"embedding_cosine_similarity":-0.13580775542019835,"frame_ranking_loss":0.0,"reconstruction_loss":0.5925994790735,"sample_count":2,"symbolic_validity_penalty":0.0}}
