{"final_evaluation":{"cosine_loss":0.6432906304802561,"cross_entropy_loss":1.740332035045767,"decoded_embeddings":{"us-code-16-460u-6-e8aa5f983922859b":[-0.229886,-0.227107,0.879642,0.114414,-0.050027,-0.036726,0.178999,-0.269855],"us-code-19-2401c-043fe80f3cd7df8b":[-0.410622,-0.099277,0.381535,-0.197915,0.023753,-0.649783,0.076307,-0.456278]},"embedding_cosine_similarity":0.35670936951974386,"frame_ranking_loss":0.0,"reconstruction_loss":0.25118033093606246,"sample_count":2,"symbolic_validity_penalty":0.0},"steps":[{"after":{"cosine_loss":0.6432906304802561,"cross_entropy_loss":1.740332035045767,"decoded_embeddings":{"us-code-16-460u-6-e8aa5f983922859b":[-0.229886,-0.227107,0.879642,0.114414,-0.050027,-0.036726,0.178999,-0.269855],"us-code-19-2401c-043fe80f3cd7df8b":[-0.410622,-0.099277,0.381535,-0.197915,0.023753,-0.649783,0.076307,-0.456278]},"embedding_cosine_similarity":0.35670936951974386,"frame_ranking_loss":0.0,"reconstruction_loss":0.25118033093606246,"sample_count":2,"symbolic_validity_penalty":0.0},"applied_count":0,"applied_updates":[],"autoencoder_claimed_count":1,"before":{"cosine_loss":0.6432906304802561,"cross_entropy_loss":1.740332035045767,"decoded_embeddings":{"us-code-16-460u-6-e8aa5f983922859b":[-0.229886,-0.227107,0.879642,0.114414,-0.050027,-0.036726,0.178999,-0.269855],"us-code-19-2401c-043fe80f3cd7df8b":[-0.410622,-0.099277,0.381535,-0.197915,0.023753,-0.649783,0.076307,-0.456278]},"embedding_cosine_similarity":0.35670936951974386,"frame_ranking_loss":0.0,"reconstruction_loss":0.25118033093606246,"sample_count":2,"symbolic_validity_penalty":0.0},"claimed_count":1,"claimed_open_count":1,"completed_count":0,"completed_todo_ids":[],"cosine_similarity_delta":0.0,"created_at":"2026-05-17T14:41:28+00:00","cross_entropy_delta":0.0,"failed_validation_count":1,"failed_validation_todo_ids":["9f5cec301b93f355"],"improved":false,"iteration":1,"loss_seeded_count":6,"pending_count":293,"program_synthesis_pending_count":108,"program_synthesis_seeded_count":2,"seeded_count":8,"validation_after":{"cosine_loss":1.0090069981365306,"cross_entropy_loss":0.8748821828855934,"decoded_embeddings":{"us-code-16-207b-6eff8e1080679957":[-0.377594,-0.635294,0.485384,0.124538,0.244931,-0.271629,0.249574,0.081588],"us-code-50-1271 to 1279.-87203f1574be53d1":[-0.234519,-0.257662,0.02099,0.521648,-0.619734,-0.301054,-0.135087,-0.336306]},"embedding_cosine_similarity":-0.009006998136530497,"frame_ranking_loss":0.0,"reconstruction_loss":0.4619704105674375,"sample_count":2,"symbolic_validity_penalty":0.0},"validation_before":{"cosine_loss":1.0090069981365306,"cross_entropy_loss":0.8748821828855934,"decoded_embeddings":{"us-code-16-207b-6eff8e1080679957":[-0.377594,-0.635294,0.485384,0.124538,0.244931,-0.271629,0.249574,0.081588],"us-code-50-1271 to 1279.-87203f1574be53d1":[-0.234519,-0.257662,0.02099,0.521648,-0.619734,-0.301054,-0.135087,-0.336306]},"embedding_cosine_similarity":-0.009006998136530497,"frame_ranking_loss":0.0,"reconstruction_loss":0.4619704105674375,"sample_count":2,"symbolic_validity_penalty":0.0},"validation_cosine_similarity_delta":0.0,"validation_cross_entropy_delta":0.0,"worker_id":"random-uscode-daemon-detached"}],"stopped_reason":"no_validated_improvement","validation_final_evaluation":{"cosine_loss":1.0090069981365306,"cross_entropy_loss":0.8748821828855934,"decoded_embeddings":{"us-code-16-207b-6eff8e1080679957":[-0.377594,-0.635294,0.485384,0.124538,0.244931,-0.271629,0.249574,0.081588],"us-code-50-1271 to 1279.-87203f1574be53d1":[-0.234519,-0.257662,0.02099,0.521648,-0.619734,-0.301054,-0.135087,-0.336306]},"embedding_cosine_similarity":-0.009006998136530497,"frame_ranking_loss":0.0,"reconstruction_loss":0.4619704105674375,"sample_count":2,"symbolic_validity_penalty":0.0}}
