{"final_evaluation":{"cosine_loss":0.8722162008775282,"cross_entropy_loss":2.0752369207839765,"decoded_embeddings":{"us-code-12-1148a-4-638b1a5c78baa5c9":[0.161121,-0.064563,-0.056852,0.296975,-0.55769,-0.204765,0.401409,-0.603631],"us-code-16-544p-cb1fddf2f6ece7ed":[-0.408202,-0.081868,0.669315,0.075255,-0.193383,-0.533171,0.208434,-0.088938],"us-code-26-1286-48f398ab3ebddca4":[-0.45383,-0.459482,0.436519,-0.300261,-0.077901,0.383893,-0.059997,0.381008],"us-code-33-33-4bccb35c29027106":[0.020887,0.169908,-0.233741,0.022999,0.205814,-0.302268,-0.599607,-0.649829]},"embedding_cosine_similarity":0.12778379912247181,"frame_ranking_loss":0.0,"reconstruction_loss":0.38085340629821873,"sample_count":4,"symbolic_validity_penalty":0.0},"steps":[{"after":{"cosine_loss":0.8722162008775282,"cross_entropy_loss":2.0752369207839765,"decoded_embeddings":{"us-code-12-1148a-4-638b1a5c78baa5c9":[0.161121,-0.064563,-0.056852,0.296975,-0.55769,-0.204765,0.401409,-0.603631],"us-code-16-544p-cb1fddf2f6ece7ed":[-0.408202,-0.081868,0.669315,0.075255,-0.193383,-0.533171,0.208434,-0.088938],"us-code-26-1286-48f398ab3ebddca4":[-0.45383,-0.459482,0.436519,-0.300261,-0.077901,0.383893,-0.059997,0.381008],"us-code-33-33-4bccb35c29027106":[0.020887,0.169908,-0.233741,0.022999,0.205814,-0.302268,-0.599607,-0.649829]},"embedding_cosine_similarity":0.12778379912247181,"frame_ranking_loss":0.0,"reconstruction_loss":0.38085340629821873,"sample_count":4,"symbolic_validity_penalty":0.0},"applied_count":0,"applied_updates":[],"autoencoder_claimed_count":2,"before":{"cosine_loss":0.8722162008775282,"cross_entropy_loss":2.0752369207839765,"decoded_embeddings":{"us-code-12-1148a-4-638b1a5c78baa5c9":[0.161121,-0.064563,-0.056852,0.296975,-0.55769,-0.204765,0.401409,-0.603631],"us-code-16-544p-cb1fddf2f6ece7ed":[-0.408202,-0.081868,0.669315,0.075255,-0.193383,-0.533171,0.208434,-0.088938],"us-code-26-1286-48f398ab3ebddca4":[-0.45383,-0.459482,0.436519,-0.300261,-0.077901,0.383893,-0.059997,0.381008],"us-code-33-33-4bccb35c29027106":[0.020887,0.169908,-0.233741,0.022999,0.205814,-0.302268,-0.599607,-0.649829]},"embedding_cosine_similarity":0.12778379912247181,"frame_ranking_loss":0.0,"reconstruction_loss":0.38085340629821873,"sample_count":4,"symbolic_validity_penalty":0.0},"claimed_count":2,"claimed_open_count":28,"completed_count":0,"completed_todo_ids":[],"cosine_similarity_delta":0.0,"created_at":"2026-05-18T07:11:57+00:00","cross_entropy_delta":0.0,"failed_validation_count":2,"failed_validation_todo_ids":["9ce62cec05d6fc1e","a5e70e561fa80b3a"],"improved":false,"iteration":1,"loss_seeded_count":12,"pending_count":165,"program_synthesis_pending_count":25,"program_synthesis_seeded_count":4,"seeded_count":16,"validation_after":{"cosine_loss":0.7867759519427682,"cross_entropy_loss":1.8664977468414805,"decoded_embeddings":{"us-code-2-1317-9af0ac20bdefc0f8":[-0.186434,0.671667,-0.062846,-0.071543,-0.029459,-0.382828,-0.140842,-0.581185],"us-code-20-1418-30354e17b9be6f07":[-0.21006,0.202526,0.645285,0.395488,0.137233,-0.473153,0.131546,-0.286432],"us-code-42-13962.-aaa145dcc66e9d35":[-0.143176,-0.759136,0.317064,-0.045851,0.0,0.141878,0.529449,-0.011679],"us-code-7-1012-edf3305162377a2a":[-0.418001,-0.46523,0.386203,0.396073,-0.022303,-0.507586,-0.030799,-0.209094]},"embedding_cosine_similarity":0.21322404805723189,"frame_ranking_loss":0.0,"reconstruction_loss":0.4191825378461875,"sample_count":4,"symbolic_validity_penalty":0.0},"validation_before":{"cosine_loss":0.7867759519427682,"cross_entropy_loss":1.8664977468414805,"decoded_embeddings":{"us-code-2-1317-9af0ac20bdefc0f8":[-0.186434,0.671667,-0.062846,-0.071543,-0.029459,-0.382828,-0.140842,-0.581185],"us-code-20-1418-30354e17b9be6f07":[-0.21006,0.202526,0.645285,0.395488,0.137233,-0.473153,0.131546,-0.286432],"us-code-42-13962.-aaa145dcc66e9d35":[-0.143176,-0.759136,0.317064,-0.045851,0.0,0.141878,0.529449,-0.011679],"us-code-7-1012-edf3305162377a2a":[-0.418001,-0.46523,0.386203,0.396073,-0.022303,-0.507586,-0.030799,-0.209094]},"embedding_cosine_similarity":0.21322404805723189,"frame_ranking_loss":0.0,"reconstruction_loss":0.4191825378461875,"sample_count":4,"symbolic_validity_penalty":0.0},"validation_cosine_similarity_delta":0.0,"validation_cross_entropy_delta":0.0,"worker_id":"random-uscode-daemon-detached"}],"stopped_reason":"no_validated_improvement","validation_final_evaluation":{"cosine_loss":0.7867759519427682,"cross_entropy_loss":1.8664977468414805,"decoded_embeddings":{"us-code-2-1317-9af0ac20bdefc0f8":[-0.186434,0.671667,-0.062846,-0.071543,-0.029459,-0.382828,-0.140842,-0.581185],"us-code-20-1418-30354e17b9be6f07":[-0.21006,0.202526,0.645285,0.395488,0.137233,-0.473153,0.131546,-0.286432],"us-code-42-13962.-aaa145dcc66e9d35":[-0.143176,-0.759136,0.317064,-0.045851,0.0,0.141878,0.529449,-0.011679],"us-code-7-1012-edf3305162377a2a":[-0.418001,-0.46523,0.386203,0.396073,-0.022303,-0.507586,-0.030799,-0.209094]},"embedding_cosine_similarity":0.21322404805723189,"frame_ranking_loss":0.0,"reconstruction_loss":0.4191825378461875,"sample_count":4,"symbolic_validity_penalty":0.0}}
