{"final_evaluation":{"cosine_loss":0.892452897865591,"cross_entropy_loss":1.1337635582716745,"decoded_embeddings":{"us-code-12-5384-54b4feb0213f4347":[-0.709552,-0.416676,0.344459,0.246842,-0.166781,-0.115148,0.244522,0.20608],"us-code-2-6651-1406237fe682838b":[-0.325858,-0.463973,-0.04751,0.04698,-0.234194,-0.308903,0.452316,-0.564998],"us-code-42-10603d.-892fdbdeede41eb3":[-0.143176,-0.759136,0.317064,-0.045851,0.0,0.141878,0.529449,-0.011679],"us-code-42-1857-24dd3eee3c55a174":[0.0,-0.763179,-0.055828,0.162353,-0.456278,0.054922,0.050698,-0.4175]},"embedding_cosine_similarity":0.10754710213440896,"frame_ranking_loss":0.0,"reconstruction_loss":0.40501433403431253,"sample_count":4,"symbolic_validity_penalty":0.25},"steps":[{"after":{"cosine_loss":0.892452897865591,"cross_entropy_loss":1.1337635582716745,"decoded_embeddings":{"us-code-12-5384-54b4feb0213f4347":[-0.709552,-0.416676,0.344459,0.246842,-0.166781,-0.115148,0.244522,0.20608],"us-code-2-6651-1406237fe682838b":[-0.325858,-0.463973,-0.04751,0.04698,-0.234194,-0.308903,0.452316,-0.564998],"us-code-42-10603d.-892fdbdeede41eb3":[-0.143176,-0.759136,0.317064,-0.045851,0.0,0.141878,0.529449,-0.011679],"us-code-42-1857-24dd3eee3c55a174":[0.0,-0.763179,-0.055828,0.162353,-0.456278,0.054922,0.050698,-0.4175]},"embedding_cosine_similarity":0.10754710213440896,"frame_ranking_loss":0.0,"reconstruction_loss":0.40501433403431253,"sample_count":4,"symbolic_validity_penalty":0.25},"applied_count":0,"applied_updates":[],"autoencoder_claimed_count":1,"before":{"cosine_loss":0.892452897865591,"cross_entropy_loss":1.1337635582716745,"decoded_embeddings":{"us-code-12-5384-54b4feb0213f4347":[-0.709552,-0.416676,0.344459,0.246842,-0.166781,-0.115148,0.244522,0.20608],"us-code-2-6651-1406237fe682838b":[-0.325858,-0.463973,-0.04751,0.04698,-0.234194,-0.308903,0.452316,-0.564998],"us-code-42-10603d.-892fdbdeede41eb3":[-0.143176,-0.759136,0.317064,-0.045851,0.0,0.141878,0.529449,-0.011679],"us-code-42-1857-24dd3eee3c55a174":[0.0,-0.763179,-0.055828,0.162353,-0.456278,0.054922,0.050698,-0.4175]},"embedding_cosine_similarity":0.10754710213440896,"frame_ranking_loss":0.0,"reconstruction_loss":0.40501433403431253,"sample_count":4,"symbolic_validity_penalty":0.25},"claimed_count":1,"claimed_open_count":15,"completed_count":0,"completed_todo_ids":[],"cosine_similarity_delta":0.0,"created_at":"2026-05-17T17:04:44+00:00","cross_entropy_delta":0.0,"failed_validation_count":1,"failed_validation_todo_ids":["9565e73168d3bd2f"],"improved":false,"iteration":1,"loss_seeded_count":12,"pending_count":11787,"program_synthesis_pending_count":512,"program_synthesis_seeded_count":0,"seeded_count":12,"validation_after":{"cosine_loss":1.0438488797366259,"cross_entropy_loss":2.5207460719029724,"decoded_embeddings":{"us-code-10-2774-7212365aac765606":[-0.483418,-0.711113,0.289736,-0.168124,-0.311552,-0.007671,0.137702,0.179799],"us-code-18-3194-b6f2c6367319ce1e":[-0.187931,-0.278461,-0.196209,0.153585,0.359657,0.026419,0.438387,-0.709099],"us-code-42-13414.-92c7f7f926991bb1":[0.129818,-0.109712,0.082799,0.118736,0.734422,0.270243,0.579748,-0.040529],"us-code-42-285b-762c2329bb96c357":[0.424117,0.20276,0.142137,0.530267,-0.420615,-0.43245,-0.122936,0.313982]},"embedding_cosine_similarity":-0.04384887973662585,"frame_ranking_loss":0.0,"reconstruction_loss":0.5670630395685937,"sample_count":4,"symbolic_validity_penalty":0.0},"validation_before":{"cosine_loss":1.0438488797366259,"cross_entropy_loss":2.5207460719029724,"decoded_embeddings":{"us-code-10-2774-7212365aac765606":[-0.483418,-0.711113,0.289736,-0.168124,-0.311552,-0.007671,0.137702,0.179799],"us-code-18-3194-b6f2c6367319ce1e":[-0.187931,-0.278461,-0.196209,0.153585,0.359657,0.026419,0.438387,-0.709099],"us-code-42-13414.-92c7f7f926991bb1":[0.129818,-0.109712,0.082799,0.118736,0.734422,0.270243,0.579748,-0.040529],"us-code-42-285b-762c2329bb96c357":[0.424117,0.20276,0.142137,0.530267,-0.420615,-0.43245,-0.122936,0.313982]},"embedding_cosine_similarity":-0.04384887973662585,"frame_ranking_loss":0.0,"reconstruction_loss":0.5670630395685937,"sample_count":4,"symbolic_validity_penalty":0.0},"validation_cosine_similarity_delta":0.0,"validation_cross_entropy_delta":0.0,"worker_id":"random-uscode-daemon-detached"}],"stopped_reason":"no_validated_improvement","validation_final_evaluation":{"cosine_loss":1.0438488797366259,"cross_entropy_loss":2.5207460719029724,"decoded_embeddings":{"us-code-10-2774-7212365aac765606":[-0.483418,-0.711113,0.289736,-0.168124,-0.311552,-0.007671,0.137702,0.179799],"us-code-18-3194-b6f2c6367319ce1e":[-0.187931,-0.278461,-0.196209,0.153585,0.359657,0.026419,0.438387,-0.709099],"us-code-42-13414.-92c7f7f926991bb1":[0.129818,-0.109712,0.082799,0.118736,0.734422,0.270243,0.579748,-0.040529],"us-code-42-285b-762c2329bb96c357":[0.424117,0.20276,0.142137,0.530267,-0.420615,-0.43245,-0.122936,0.313982]},"embedding_cosine_similarity":-0.04384887973662585,"frame_ranking_loss":0.0,"reconstruction_loss":0.5670630395685937,"sample_count":4,"symbolic_validity_penalty":0.0}}
