{"final_evaluation":{"cosine_loss":1.2797308268697218,"cross_entropy_loss":1.4261342634665548,"decoded_embeddings":{"us-code-19-1512-d39118f0f1135eaa":[0.230123,-0.236832,0.328528,0.237656,0.076041,-0.515098,0.258491,-0.623391],"us-code-28-1927-41cfa3e340a48652":[0.349135,-0.747696,-0.295296,-0.275879,0.0203,-0.033287,0.386835,-0.067709],"us-code-42-300gg-3431306534d07e77":[-0.193628,-0.64146,0.509241,0.005405,-0.45231,-0.047112,0.284813,-0.061312],"us-code-44-2113.-b3620911e04c473c":[-0.039385,-0.530526,0.435481,0.437279,-0.356981,-0.004496,0.146479,-0.432693]},"embedding_cosine_similarity":-0.27973082686972184,"frame_ranking_loss":0.0,"reconstruction_loss":0.5341231991514375,"sample_count":4,"symbolic_validity_penalty":0.0},"steps":[{"after":{"cosine_loss":1.2797308268697218,"cross_entropy_loss":1.4261342634665548,"decoded_embeddings":{"us-code-19-1512-d39118f0f1135eaa":[0.230123,-0.236832,0.328528,0.237656,0.076041,-0.515098,0.258491,-0.623391],"us-code-28-1927-41cfa3e340a48652":[0.349135,-0.747696,-0.295296,-0.275879,0.0203,-0.033287,0.386835,-0.067709],"us-code-42-300gg-3431306534d07e77":[-0.193628,-0.64146,0.509241,0.005405,-0.45231,-0.047112,0.284813,-0.061312],"us-code-44-2113.-b3620911e04c473c":[-0.039385,-0.530526,0.435481,0.437279,-0.356981,-0.004496,0.146479,-0.432693]},"embedding_cosine_similarity":-0.27973082686972184,"frame_ranking_loss":0.0,"reconstruction_loss":0.5341231991514375,"sample_count":4,"symbolic_validity_penalty":0.0},"applied_count":0,"applied_updates":[],"autoencoder_claimed_count":1,"before":{"cosine_loss":1.2797308268697218,"cross_entropy_loss":1.4261342634665548,"decoded_embeddings":{"us-code-19-1512-d39118f0f1135eaa":[0.230123,-0.236832,0.328528,0.237656,0.076041,-0.515098,0.258491,-0.623391],"us-code-28-1927-41cfa3e340a48652":[0.349135,-0.747696,-0.295296,-0.275879,0.0203,-0.033287,0.386835,-0.067709],"us-code-42-300gg-3431306534d07e77":[-0.193628,-0.64146,0.509241,0.005405,-0.45231,-0.047112,0.284813,-0.061312],"us-code-44-2113.-b3620911e04c473c":[-0.039385,-0.530526,0.435481,0.437279,-0.356981,-0.004496,0.146479,-0.432693]},"embedding_cosine_similarity":-0.27973082686972184,"frame_ranking_loss":0.0,"reconstruction_loss":0.5341231991514375,"sample_count":4,"symbolic_validity_penalty":0.0},"claimed_count":1,"claimed_open_count":2,"completed_count":0,"completed_todo_ids":[],"cosine_similarity_delta":0.0,"created_at":"2026-05-17T15:26:18+00:00","cross_entropy_delta":0.0,"failed_validation_count":1,"failed_validation_todo_ids":["5925d044510d88a3"],"improved":false,"iteration":1,"loss_seeded_count":12,"pending_count":1423,"program_synthesis_pending_count":444,"program_synthesis_seeded_count":4,"seeded_count":16,"validation_after":{"cosine_loss":0.8490366614098414,"cross_entropy_loss":2.449249851321231,"decoded_embeddings":{"us-code-10-7689-d0440f330d49a264":[0.009387,-0.703382,0.437925,0.11957,-0.048863,-0.06018,0.513369,-0.171854],"us-code-16-460nnn-64-ec4afc2225bbc1fb":[-0.5499,-0.734826,-0.002403,-0.151219,0.001484,-0.208951,-0.139489,0.267672],"us-code-26-5761-e02f7a2637ff1a19":[-0.436154,-0.648976,0.592621,-0.021022,-0.089912,-0.056448,0.101716,-0.123859],"us-code-42-3796d-991d561248d5a64a":[-0.143176,-0.759136,0.317064,-0.045851,0.0,0.141878,0.529449,-0.011679]},"embedding_cosine_similarity":0.15096333859015867,"frame_ranking_loss":0.0,"reconstruction_loss":0.36644014004740627,"sample_count":4,"symbolic_validity_penalty":0.25},"validation_before":{"cosine_loss":0.8490366614098414,"cross_entropy_loss":2.449249851321231,"decoded_embeddings":{"us-code-10-7689-d0440f330d49a264":[0.009387,-0.703382,0.437925,0.11957,-0.048863,-0.06018,0.513369,-0.171854],"us-code-16-460nnn-64-ec4afc2225bbc1fb":[-0.5499,-0.734826,-0.002403,-0.151219,0.001484,-0.208951,-0.139489,0.267672],"us-code-26-5761-e02f7a2637ff1a19":[-0.436154,-0.648976,0.592621,-0.021022,-0.089912,-0.056448,0.101716,-0.123859],"us-code-42-3796d-991d561248d5a64a":[-0.143176,-0.759136,0.317064,-0.045851,0.0,0.141878,0.529449,-0.011679]},"embedding_cosine_similarity":0.15096333859015867,"frame_ranking_loss":0.0,"reconstruction_loss":0.36644014004740627,"sample_count":4,"symbolic_validity_penalty":0.25},"validation_cosine_similarity_delta":0.0,"validation_cross_entropy_delta":0.0,"worker_id":"random-uscode-daemon-detached"}],"stopped_reason":"no_validated_improvement","validation_final_evaluation":{"cosine_loss":0.8490366614098414,"cross_entropy_loss":2.449249851321231,"decoded_embeddings":{"us-code-10-7689-d0440f330d49a264":[0.009387,-0.703382,0.437925,0.11957,-0.048863,-0.06018,0.513369,-0.171854],"us-code-16-460nnn-64-ec4afc2225bbc1fb":[-0.5499,-0.734826,-0.002403,-0.151219,0.001484,-0.208951,-0.139489,0.267672],"us-code-26-5761-e02f7a2637ff1a19":[-0.436154,-0.648976,0.592621,-0.021022,-0.089912,-0.056448,0.101716,-0.123859],"us-code-42-3796d-991d561248d5a64a":[-0.143176,-0.759136,0.317064,-0.045851,0.0,0.141878,0.529449,-0.011679]},"embedding_cosine_similarity":0.15096333859015867,"frame_ranking_loss":0.0,"reconstruction_loss":0.36644014004740627,"sample_count":4,"symbolic_validity_penalty":0.25}}
