{"final_evaluation":{"cosine_loss":0.9071332052895856,"cross_entropy_loss":2.1759812648143435,"decoded_embeddings":{"us-code-16-2644-1d1d2b6925e4ea99":[-0.419677,0.4052,0.200832,0.006734,-0.083329,-0.526069,0.209249,-0.54021],"us-code-22-282a-297a3fd452a25440":[0.233285,-0.561982,-0.291243,0.14094,-0.075717,-0.224567,0.683387,-0.043428],"us-code-25-1300i-9-f342ea2736d3aede":[-0.3174,0.256858,0.256858,0.150019,-0.259084,0.219464,-0.23549,-0.757664],"us-code-50-1821.-32ad001fbbbba170":[-0.433291,-0.542784,0.540739,-0.00259,-0.207082,-0.132936,0.301446,-0.271687]},"embedding_cosine_similarity":0.09286679471041441,"frame_ranking_loss":0.0,"reconstruction_loss":0.3539686787442813,"sample_count":4,"symbolic_validity_penalty":0.0},"steps":[{"after":{"cosine_loss":0.9071332052895856,"cross_entropy_loss":2.1759812648143435,"decoded_embeddings":{"us-code-16-2644-1d1d2b6925e4ea99":[-0.419677,0.4052,0.200832,0.006734,-0.083329,-0.526069,0.209249,-0.54021],"us-code-22-282a-297a3fd452a25440":[0.233285,-0.561982,-0.291243,0.14094,-0.075717,-0.224567,0.683387,-0.043428],"us-code-25-1300i-9-f342ea2736d3aede":[-0.3174,0.256858,0.256858,0.150019,-0.259084,0.219464,-0.23549,-0.757664],"us-code-50-1821.-32ad001fbbbba170":[-0.433291,-0.542784,0.540739,-0.00259,-0.207082,-0.132936,0.301446,-0.271687]},"embedding_cosine_similarity":0.09286679471041441,"frame_ranking_loss":0.0,"reconstruction_loss":0.3539686787442813,"sample_count":4,"symbolic_validity_penalty":0.0},"applied_count":0,"applied_updates":[],"autoencoder_claimed_count":3,"before":{"cosine_loss":0.9071332052895856,"cross_entropy_loss":2.1759812648143435,"decoded_embeddings":{"us-code-16-2644-1d1d2b6925e4ea99":[-0.419677,0.4052,0.200832,0.006734,-0.083329,-0.526069,0.209249,-0.54021],"us-code-22-282a-297a3fd452a25440":[0.233285,-0.561982,-0.291243,0.14094,-0.075717,-0.224567,0.683387,-0.043428],"us-code-25-1300i-9-f342ea2736d3aede":[-0.3174,0.256858,0.256858,0.150019,-0.259084,0.219464,-0.23549,-0.757664],"us-code-50-1821.-32ad001fbbbba170":[-0.433291,-0.542784,0.540739,-0.00259,-0.207082,-0.132936,0.301446,-0.271687]},"embedding_cosine_similarity":0.09286679471041441,"frame_ranking_loss":0.0,"reconstruction_loss":0.3539686787442813,"sample_count":4,"symbolic_validity_penalty":0.0},"claimed_count":3,"claimed_open_count":6,"completed_count":0,"completed_todo_ids":[],"cosine_similarity_delta":0.0,"created_at":"2026-05-18T15:23:53+00:00","cross_entropy_delta":0.0,"failed_validation_count":3,"failed_validation_todo_ids":["af8788e03b1f98e9","ef247454eb762ee8","a559f036d72334ba"],"improved":false,"iteration":1,"loss_seeded_count":12,"pending_count":18188,"program_synthesis_pending_count":512,"program_synthesis_seeded_count":0,"seeded_count":12,"validation_after":{"cosine_loss":0.9292458659210927,"cross_entropy_loss":1.0593295484973633,"decoded_embeddings":{"us-code-21-2108-e7924d85f438e350":[-0.632995,0.07261,-0.368307,-0.447463,-0.071232,-0.23256,0.186307,-0.405344],"us-code-46-40306.-18ca8bffeeca486d":[-0.122585,-0.513206,-0.21246,0.351559,-0.065104,-0.175303,-0.668502,0.266448],"us-code-7-3222b-1-9ed57fc6f32c4531":[0.080391,-0.607426,0.612727,-0.296265,-0.061065,-0.297137,0.249023,-0.085625],"us-code-7-7412-71356713a7430cb2":[-0.345619,0.172838,0.179999,-0.026542,0.055642,-0.773934,-0.449287,0.116798]},"embedding_cosine_similarity":0.07075413407890734,"frame_ranking_loss":0.0,"reconstruction_loss":0.4284054803769063,"sample_count":4,"symbolic_validity_penalty":0.0},"validation_before":{"cosine_loss":0.9292458659210927,"cross_entropy_loss":1.0593295484973633,"decoded_embeddings":{"us-code-21-2108-e7924d85f438e350":[-0.632995,0.07261,-0.368307,-0.447463,-0.071232,-0.23256,0.186307,-0.405344],"us-code-46-40306.-18ca8bffeeca486d":[-0.122585,-0.513206,-0.21246,0.351559,-0.065104,-0.175303,-0.668502,0.266448],"us-code-7-3222b-1-9ed57fc6f32c4531":[0.080391,-0.607426,0.612727,-0.296265,-0.061065,-0.297137,0.249023,-0.085625],"us-code-7-7412-71356713a7430cb2":[-0.345619,0.172838,0.179999,-0.026542,0.055642,-0.773934,-0.449287,0.116798]},"embedding_cosine_similarity":0.07075413407890734,"frame_ranking_loss":0.0,"reconstruction_loss":0.4284054803769063,"sample_count":4,"symbolic_validity_penalty":0.0},"validation_cosine_similarity_delta":0.0,"validation_cross_entropy_delta":0.0,"worker_id":"random-uscode-daemon-detached"}],"stopped_reason":"no_validated_improvement","validation_final_evaluation":{"cosine_loss":0.9292458659210927,"cross_entropy_loss":1.0593295484973633,"decoded_embeddings":{"us-code-21-2108-e7924d85f438e350":[-0.632995,0.07261,-0.368307,-0.447463,-0.071232,-0.23256,0.186307,-0.405344],"us-code-46-40306.-18ca8bffeeca486d":[-0.122585,-0.513206,-0.21246,0.351559,-0.065104,-0.175303,-0.668502,0.266448],"us-code-7-3222b-1-9ed57fc6f32c4531":[0.080391,-0.607426,0.612727,-0.296265,-0.061065,-0.297137,0.249023,-0.085625],"us-code-7-7412-71356713a7430cb2":[-0.345619,0.172838,0.179999,-0.026542,0.055642,-0.773934,-0.449287,0.116798]},"embedding_cosine_similarity":0.07075413407890734,"frame_ranking_loss":0.0,"reconstruction_loss":0.4284054803769063,"sample_count":4,"symbolic_validity_penalty":0.0}}
