{"final_evaluation":{"cosine_loss":0.9957692035799517,"cross_entropy_loss":7.369888436480221,"decoded_embeddings":{"us-code-12-4227-411d6f2e388360f1":[0.08246462803050134,0.31804522614732517,0.24284086413066935,-0.5431034468305663,0.3391900238996789,0.3555572891990463,-0.2553632156534037,0.5896111723362267],"us-code-42-418.-eee5db4de9692737":[0.2638698542800328,0.38358554434629716,0.7555257123225986,0.047547164263890246,-0.026302314563609708,0.5700013497721544,-0.7528590040981664,-0.2453172637088581],"us-code-42-8121 to 8124.-db6193bd1136ad8a":[-0.07597876238359574,-0.3958424514904676,0.6793582726202292,0.19045400866825205,0.009510371494604486,0.21987958774912478,-0.3497237053074124,0.07286932032943275],"us-code-51-40310.-7273d9daf5187931":[-0.2521477844824913,-0.3821542351685986,0.5814854856013488,-0.21809760812169612,0.12513746525915195,0.491241681972394,-0.2181306529383749,0.2933073708554846]},"embedding_cosine_similarity":0.004230796420048311,"frame_ranking_loss":0.0,"reconstruction_loss":0.44287843394785525,"sample_count":4,"symbolic_validity_penalty":0.0},"steps":[{"after":{"cosine_loss":0.9957692035799517,"cross_entropy_loss":7.369888436480221,"decoded_embeddings":{"us-code-12-4227-411d6f2e388360f1":[0.08246462803050134,0.31804522614732517,0.24284086413066935,-0.5431034468305663,0.3391900238996789,0.3555572891990463,-0.2553632156534037,0.5896111723362267],"us-code-42-418.-eee5db4de9692737":[0.2638698542800328,0.38358554434629716,0.7555257123225986,0.047547164263890246,-0.026302314563609708,0.5700013497721544,-0.7528590040981664,-0.2453172637088581],"us-code-42-8121 to 8124.-db6193bd1136ad8a":[-0.07597876238359574,-0.3958424514904676,0.6793582726202292,0.19045400866825205,0.009510371494604486,0.21987958774912478,-0.3497237053074124,0.07286932032943275],"us-code-51-40310.-7273d9daf5187931":[-0.2521477844824913,-0.3821542351685986,0.5814854856013488,-0.21809760812169612,0.12513746525915195,0.491241681972394,-0.2181306529383749,0.2933073708554846]},"embedding_cosine_similarity":0.004230796420048311,"frame_ranking_loss":0.0,"reconstruction_loss":0.44287843394785525,"sample_count":4,"symbolic_validity_penalty":0.0},"applied_count":0,"applied_updates":[],"autoencoder_claimed_count":6,"before":{"cosine_loss":0.9957692035799517,"cross_entropy_loss":7.369888436480221,"decoded_embeddings":{"us-code-12-4227-411d6f2e388360f1":[0.08246462803050134,0.31804522614732517,0.24284086413066935,-0.5431034468305663,0.3391900238996789,0.3555572891990463,-0.2553632156534037,0.5896111723362267],"us-code-42-418.-eee5db4de9692737":[0.2638698542800328,0.38358554434629716,0.7555257123225986,0.047547164263890246,-0.026302314563609708,0.5700013497721544,-0.7528590040981664,-0.2453172637088581],"us-code-42-8121 to 8124.-db6193bd1136ad8a":[-0.07597876238359574,-0.3958424514904676,0.6793582726202292,0.19045400866825205,0.009510371494604486,0.21987958774912478,-0.3497237053074124,0.07286932032943275],"us-code-51-40310.-7273d9daf5187931":[-0.2521477844824913,-0.3821542351685986,0.5814854856013488,-0.21809760812169612,0.12513746525915195,0.491241681972394,-0.2181306529383749,0.2933073708554846]},"embedding_cosine_similarity":0.004230796420048311,"frame_ranking_loss":0.0,"reconstruction_loss":0.44287843394785525,"sample_count":4,"symbolic_validity_penalty":0.0},"claimed_count":6,"claimed_open_count":2,"completed_count":0,"completed_todo_ids":[],"cosine_similarity_delta":0.0,"created_at":"2026-05-19T17:10:10+00:00","cross_entropy_delta":0.0,"failed_validation_count":6,"failed_validation_todo_ids":["268b2cb07bd92673","3a61e44a67fe1e02","bb1ca8fadb983d48","c4badc956a6b37b7","767fcac8cd5731c0","e09403f74bee5686"],"improved":false,"iteration":1,"loss_seeded_count":12,"pending_count":2540,"program_synthesis_deduped_count":4,"program_synthesis_pending_count":0,"program_synthesis_seeded_count":0,"seeded_count":12,"validation_after":{"cosine_loss":0.9304785831502137,"cross_entropy_loss":2.569243671627785,"decoded_embeddings":{"us-code-10-10147-68f7c383a0348afd":[0.2619323831959701,-0.3053699939584331,0.8030509342728593,0.28785218455615796,0.17096916078949015,0.06537309977087372,-0.48769602472791806,0.2829957694218175],"us-code-16-460v-3-d4c964f00d27024f":[-0.09854702511253344,0.37781014587238115,-0.048489447622577675,0.2898722878431355,-0.35316941208870783,-0.22768775641767675,-0.3735079080137713,0.21984182335286867],"us-code-26-4271-56048007c26ff130":[0.10942982968926322,-0.5599271285340255,0.4639396363052778,-0.04751544956566844,0.23934772067701962,0.41382532422977103,-0.5417010166887289,-0.12795151329643675],"us-code-45-901.-dcc7b05fc6a87165":[0.47735876855174825,0.702342967571983,0.9115236259483082,0.04191486541843562,0.010833598661715765,0.6798078198477275,-0.653079623757919,-0.12319546469027527]},"embedding_cosine_similarity":0.06952141684978627,"frame_ranking_loss":0.0,"reconstruction_loss":0.3780848117274459,"sample_count":4,"symbolic_validity_penalty":0.0},"validation_before":{"cosine_loss":0.9304785831502137,"cross_entropy_loss":2.569243671627785,"decoded_embeddings":{"us-code-10-10147-68f7c383a0348afd":[0.2619323831959701,-0.3053699939584331,0.8030509342728593,0.28785218455615796,0.17096916078949015,0.06537309977087372,-0.48769602472791806,0.2829957694218175],"us-code-16-460v-3-d4c964f00d27024f":[-0.09854702511253344,0.37781014587238115,-0.048489447622577675,0.2898722878431355,-0.35316941208870783,-0.22768775641767675,-0.3735079080137713,0.21984182335286867],"us-code-26-4271-56048007c26ff130":[0.10942982968926322,-0.5599271285340255,0.4639396363052778,-0.04751544956566844,0.23934772067701962,0.41382532422977103,-0.5417010166887289,-0.12795151329643675],"us-code-45-901.-dcc7b05fc6a87165":[0.47735876855174825,0.702342967571983,0.9115236259483082,0.04191486541843562,0.010833598661715765,0.6798078198477275,-0.653079623757919,-0.12319546469027527]},"embedding_cosine_similarity":0.06952141684978627,"frame_ranking_loss":0.0,"reconstruction_loss":0.3780848117274459,"sample_count":4,"symbolic_validity_penalty":0.0},"validation_cosine_similarity_delta":0.0,"validation_cross_entropy_delta":0.0,"worker_id":"random-uscode-daemon-detached"}],"stopped_reason":"no_validated_improvement","validation_final_evaluation":{"cosine_loss":0.9304785831502137,"cross_entropy_loss":2.569243671627785,"decoded_embeddings":{"us-code-10-10147-68f7c383a0348afd":[0.2619323831959701,-0.3053699939584331,0.8030509342728593,0.28785218455615796,0.17096916078949015,0.06537309977087372,-0.48769602472791806,0.2829957694218175],"us-code-16-460v-3-d4c964f00d27024f":[-0.09854702511253344,0.37781014587238115,-0.048489447622577675,0.2898722878431355,-0.35316941208870783,-0.22768775641767675,-0.3735079080137713,0.21984182335286867],"us-code-26-4271-56048007c26ff130":[0.10942982968926322,-0.5599271285340255,0.4639396363052778,-0.04751544956566844,0.23934772067701962,0.41382532422977103,-0.5417010166887289,-0.12795151329643675],"us-code-45-901.-dcc7b05fc6a87165":[0.47735876855174825,0.702342967571983,0.9115236259483082,0.04191486541843562,0.010833598661715765,0.6798078198477275,-0.653079623757919,-0.12319546469027527]},"embedding_cosine_similarity":0.06952141684978627,"frame_ranking_loss":0.0,"reconstruction_loss":0.3780848117274459,"sample_count":4,"symbolic_validity_penalty":0.0}}
