{"final_evaluation":{"cosine_loss":0.7749822229856771,"cross_entropy_loss":6.714034414566026,"decoded_embeddings":{"us-code-34-20144-a1f38c368ce05bfe":[-0.08571616857249736,0.3067343206144884,-0.10092737974641758,-0.006774313417247806,0.2146959739975381,0.3148399179193254,-0.2510075601144742,-0.5223920953625146],"us-code-48-1807.-2b00a7c8484eaec4":[0.22188730551345154,-0.10860730311467703,0.08038365256312546,-0.06845849701776402,-0.3016115229237324,-0.3851243237481431,0.2795016360534017,-0.018811897307224268]},"embedding_cosine_similarity":0.22501777701432293,"frame_ranking_loss":0.0,"reconstruction_loss":0.23990267249784872,"sample_count":2,"symbolic_validity_penalty":0.0},"steps":[{"after":{"cosine_loss":0.7749822229856771,"cross_entropy_loss":6.714034414566026,"decoded_embeddings":{"us-code-34-20144-a1f38c368ce05bfe":[-0.08571616857249736,0.3067343206144884,-0.10092737974641758,-0.006774313417247806,0.2146959739975381,0.3148399179193254,-0.2510075601144742,-0.5223920953625146],"us-code-48-1807.-2b00a7c8484eaec4":[0.22188730551345154,-0.10860730311467703,0.08038365256312546,-0.06845849701776402,-0.3016115229237324,-0.3851243237481431,0.2795016360534017,-0.018811897307224268]},"embedding_cosine_similarity":0.22501777701432293,"frame_ranking_loss":0.0,"reconstruction_loss":0.23990267249784872,"sample_count":2,"symbolic_validity_penalty":0.0},"applied_count":2,"applied_updates":[{"action":"improve_encoder_decoder_reconstruction","changed":["decoded_embedding"],"sample_ids":["us-code-48-1807.-2b00a7c8484eaec4"],"todo_id":"054d333035e1ef67"},{"action":"improve_encoder_decoder_reconstruction","changed":["decoded_embedding"],"sample_ids":["us-code-34-20144-a1f38c368ce05bfe"],"todo_id":"dab5cdc460a489c3"}],"autoencoder_claimed_count":4,"before":{"cosine_loss":1.1438004600618639,"cross_entropy_loss":6.714034414566026,"decoded_embeddings":{"us-code-34-20144-a1f38c368ce05bfe":[-0.3068141736714055,0.3509119490292064,0.06587704625112309,-0.04689961134671114,0.28002769282361695,0.2371578849964353,-0.19680573320207392,-0.48520301696740387],"us-code-48-1807.-2b00a7c8484eaec4":[0.09499474068460205,-0.18488307081956937,-0.10797079658249936,-0.11379499602368535,-0.4765940305649765,-0.7756467649975242,0.32389518140453566,-0.2815485297429657]},"embedding_cosine_similarity":-0.14380046006186378,"frame_ranking_loss":0.0,"reconstruction_loss":0.417959444970061,"sample_count":2,"symbolic_validity_penalty":0.0},"claimed_count":4,"claimed_open_count":18,"completed_count":2,"completed_todo_ids":["054d333035e1ef67","dab5cdc460a489c3"],"cosine_similarity_delta":0.3688182370761867,"created_at":"2026-05-16T15:55:48+00:00","cross_entropy_delta":0.0,"failed_validation_count":2,"failed_validation_todo_ids":["27cfc772d2f80f4e","471e31f2e4830b6c"],"improved":true,"iteration":1,"loss_seeded_count":6,"pending_count":26,"program_synthesis_pending_count":6,"program_synthesis_seeded_count":2,"seeded_count":8,"validation_after":{"cosine_loss":1.515826200547124,"cross_entropy_loss":1.314964155680665,"decoded_embeddings":{"us-code-16-18f-2-7ffa12fa226ace09":[-0.26508005678374047,-0.017823614014062957,-0.18057835789600096,0.0048283163809558945,-0.5966979142310038,-0.4022733221280369,0.034007154389530315,-0.6370554095446316],"us-code-7-4403-a82865d61eca5d44":[0.3816016746669429,0.735474294764914,0.23564402471013696,0.17852965438176438,0.049578425699554035,-0.48276807977423475,0.009601986534949342,-0.14281591761618873]},"embedding_cosine_similarity":-0.5158262005471239,"frame_ranking_loss":0.0,"reconstruction_loss":0.5397314279742302,"sample_count":2,"symbolic_validity_penalty":0.5},"validation_before":{"cosine_loss":1.5229357146412652,"cross_entropy_loss":1.314964155680665,"decoded_embeddings":{"us-code-16-18f-2-7ffa12fa226ace09":[-0.27582833210652324,-0.021041879494608128,-0.1874687087175646,0.0016998897303713845,-0.604740348434045,-0.4243146199464154,0.037343554319175236,-0.6502464221293206],"us-code-7-4403-a82865d61eca5d44":[0.35600962529838903,0.7285575138508285,0.22132321865067808,0.17124450586259615,0.031988808530055035,-0.5327098269970023,0.017448552744925086,-0.172138886086101]},"embedding_cosine_similarity":-0.5229357146412651,"frame_ranking_loss":0.0,"reconstruction_loss":0.5489348246104273,"sample_count":2,"symbolic_validity_penalty":0.5},"validation_cosine_similarity_delta":0.007109514094141178,"validation_cross_entropy_delta":0.0,"worker_id":"random-uscode-daemon-detached"}],"stopped_reason":"max_iterations","validation_final_evaluation":{"cosine_loss":1.515826200547124,"cross_entropy_loss":1.314964155680665,"decoded_embeddings":{"us-code-16-18f-2-7ffa12fa226ace09":[-0.26508005678374047,-0.017823614014062957,-0.18057835789600096,0.0048283163809558945,-0.5966979142310038,-0.4022733221280369,0.034007154389530315,-0.6370554095446316],"us-code-7-4403-a82865d61eca5d44":[0.3816016746669429,0.735474294764914,0.23564402471013696,0.17852965438176438,0.049578425699554035,-0.48276807977423475,0.009601986534949342,-0.14281591761618873]},"embedding_cosine_similarity":-0.5158262005471239,"frame_ranking_loss":0.0,"reconstruction_loss":0.5397314279742302,"sample_count":2,"symbolic_validity_penalty":0.5}}
