{"final_evaluation":{"cosine_loss":0.6593650177619015,"cross_entropy_loss":4.958063221117979,"decoded_embeddings":{"us-code-16-460lll-28-ff50cfd4d04b5a70":[-0.413427,-0.156599,0.545779,-0.187332,0.115827,-0.479062,-0.392578,0.273044],"us-code-18-3524-ce797827a485a76d":[-0.024996,0.044097,0.491627,-0.58725,0.148478,0.230845,0.061766,0.575953],"us-code-33-59aa-86eafe6364b3353a":[0.140672,0.358013,0.122603,-0.329811,0.535331,-0.148103,0.210586,-0.612675],"us-code-42-9846.-1548373f2dcbb6eb":[-0.064063,-0.434685,0.472724,0.594244,-0.122889,-0.160623,0.125694,-0.416715]},"embedding_cosine_similarity":0.34063498223809846,"frame_ranking_loss":0.0,"reconstruction_loss":0.28784289031303123,"sample_count":4,"symbolic_validity_penalty":0.25},"steps":[{"after":{"cosine_loss":0.6593650177619015,"cross_entropy_loss":4.958063221117979,"decoded_embeddings":{"us-code-16-460lll-28-ff50cfd4d04b5a70":[-0.413427,-0.156599,0.545779,-0.187332,0.115827,-0.479062,-0.392578,0.273044],"us-code-18-3524-ce797827a485a76d":[-0.024996,0.044097,0.491627,-0.58725,0.148478,0.230845,0.061766,0.575953],"us-code-33-59aa-86eafe6364b3353a":[0.140672,0.358013,0.122603,-0.329811,0.535331,-0.148103,0.210586,-0.612675],"us-code-42-9846.-1548373f2dcbb6eb":[-0.064063,-0.434685,0.472724,0.594244,-0.122889,-0.160623,0.125694,-0.416715]},"embedding_cosine_similarity":0.34063498223809846,"frame_ranking_loss":0.0,"reconstruction_loss":0.28784289031303123,"sample_count":4,"symbolic_validity_penalty":0.25},"applied_count":0,"applied_updates":[],"autoencoder_claimed_count":1,"before":{"cosine_loss":0.6593650177619015,"cross_entropy_loss":4.958063221117979,"decoded_embeddings":{"us-code-16-460lll-28-ff50cfd4d04b5a70":[-0.413427,-0.156599,0.545779,-0.187332,0.115827,-0.479062,-0.392578,0.273044],"us-code-18-3524-ce797827a485a76d":[-0.024996,0.044097,0.491627,-0.58725,0.148478,0.230845,0.061766,0.575953],"us-code-33-59aa-86eafe6364b3353a":[0.140672,0.358013,0.122603,-0.329811,0.535331,-0.148103,0.210586,-0.612675],"us-code-42-9846.-1548373f2dcbb6eb":[-0.064063,-0.434685,0.472724,0.594244,-0.122889,-0.160623,0.125694,-0.416715]},"embedding_cosine_similarity":0.34063498223809846,"frame_ranking_loss":0.0,"reconstruction_loss":0.28784289031303123,"sample_count":4,"symbolic_validity_penalty":0.25},"claimed_count":1,"claimed_open_count":1,"completed_count":0,"completed_todo_ids":[],"cosine_similarity_delta":0.0,"created_at":"2026-05-17T14:56:05+00:00","cross_entropy_delta":0.0,"failed_validation_count":1,"failed_validation_todo_ids":["a3f1127b6a4b5b6c"],"improved":false,"iteration":1,"loss_seeded_count":17,"pending_count":114,"program_synthesis_pending_count":37,"program_synthesis_seeded_count":3,"seeded_count":20,"validation_after":{"cosine_loss":0.9156115078836374,"cross_entropy_loss":2.4823949196018313,"decoded_embeddings":{"us-code-22-4171-71a3714569bc45c6":[-0.074334,0.040871,0.262771,0.602818,0.155288,-0.656665,-0.17814,-0.270756],"us-code-25-640d-21-b706ce510ea3f110":[0.289704,-0.107862,0.420257,0.25489,0.531227,-0.183085,0.440151,-0.39166],"us-code-42-18115.-aa1ba35e1f073a39":[-0.609744,-0.62079,-0.070652,-0.078246,0.083309,-0.11058,0.197341,-0.41666],"us-code-43-646.-76d2ca036d6fcadb":[-0.380958,-0.164341,0.093515,0.20098,-0.435534,-0.09888,0.291889,-0.702894]},"embedding_cosine_similarity":0.08438849211636254,"frame_ranking_loss":0.0,"reconstruction_loss":0.37966479634262496,"sample_count":4,"symbolic_validity_penalty":0.0},"validation_before":{"cosine_loss":0.9156115078836374,"cross_entropy_loss":2.4823949196018313,"decoded_embeddings":{"us-code-22-4171-71a3714569bc45c6":[-0.074334,0.040871,0.262771,0.602818,0.155288,-0.656665,-0.17814,-0.270756],"us-code-25-640d-21-b706ce510ea3f110":[0.289704,-0.107862,0.420257,0.25489,0.531227,-0.183085,0.440151,-0.39166],"us-code-42-18115.-aa1ba35e1f073a39":[-0.609744,-0.62079,-0.070652,-0.078246,0.083309,-0.11058,0.197341,-0.41666],"us-code-43-646.-76d2ca036d6fcadb":[-0.380958,-0.164341,0.093515,0.20098,-0.435534,-0.09888,0.291889,-0.702894]},"embedding_cosine_similarity":0.08438849211636254,"frame_ranking_loss":0.0,"reconstruction_loss":0.37966479634262496,"sample_count":4,"symbolic_validity_penalty":0.0},"validation_cosine_similarity_delta":0.0,"validation_cross_entropy_delta":0.0,"worker_id":"random-uscode-daemon-detached"}],"stopped_reason":"no_validated_improvement","validation_final_evaluation":{"cosine_loss":0.9156115078836374,"cross_entropy_loss":2.4823949196018313,"decoded_embeddings":{"us-code-22-4171-71a3714569bc45c6":[-0.074334,0.040871,0.262771,0.602818,0.155288,-0.656665,-0.17814,-0.270756],"us-code-25-640d-21-b706ce510ea3f110":[0.289704,-0.107862,0.420257,0.25489,0.531227,-0.183085,0.440151,-0.39166],"us-code-42-18115.-aa1ba35e1f073a39":[-0.609744,-0.62079,-0.070652,-0.078246,0.083309,-0.11058,0.197341,-0.41666],"us-code-43-646.-76d2ca036d6fcadb":[-0.380958,-0.164341,0.093515,0.20098,-0.435534,-0.09888,0.291889,-0.702894]},"embedding_cosine_similarity":0.08438849211636254,"frame_ranking_loss":0.0,"reconstruction_loss":0.37966479634262496,"sample_count":4,"symbolic_validity_penalty":0.0}}
