{"final_evaluation":{"cosine_loss":0.38441571432139926,"cross_entropy_loss":0.9542783174225851,"decoded_embeddings":{"us-code-10-18506-aa249addb79d49ec":[0.44758563871757207,-0.2533148937108831,0.6555801851559465,-0.17593711661924888,-0.017626272125328274,-0.3506554167561773,0.2583348928160478,0.06950717265344568],"us-code-41-110-e0217859e5006f6d":[-0.18298813946207648,-0.48269624114766146,0.26544981598219863,-0.2833604743408122,-0.34538974954992774,0.04482141697077596,0.103470141977129,-0.34907071811793483]},"embedding_cosine_similarity":0.6155842856786007,"frame_ranking_loss":0.0,"reconstruction_loss":0.20410959617751112,"sample_count":2,"symbolic_validity_penalty":0.5},"steps":[{"after":{"cosine_loss":0.38441571432139926,"cross_entropy_loss":0.9542783174225851,"decoded_embeddings":{"us-code-10-18506-aa249addb79d49ec":[0.44758563871757207,-0.2533148937108831,0.6555801851559465,-0.17593711661924888,-0.017626272125328274,-0.3506554167561773,0.2583348928160478,0.06950717265344568],"us-code-41-110-e0217859e5006f6d":[-0.18298813946207648,-0.48269624114766146,0.26544981598219863,-0.2833604743408122,-0.34538974954992774,0.04482141697077596,0.103470141977129,-0.34907071811793483]},"embedding_cosine_similarity":0.6155842856786007,"frame_ranking_loss":0.0,"reconstruction_loss":0.20410959617751112,"sample_count":2,"symbolic_validity_penalty":0.5},"applied_count":2,"applied_updates":[{"action":"improve_encoder_decoder_reconstruction","changed":["decoded_embedding"],"sample_ids":["us-code-10-18506-aa249addb79d49ec"],"todo_id":"019c4c595ffee7af"},{"action":"improve_encoder_decoder_reconstruction","changed":["decoded_embedding"],"sample_ids":["us-code-41-110-e0217859e5006f6d"],"todo_id":"293a5529e1d3df37"}],"autoencoder_claimed_count":4,"before":{"cosine_loss":0.8085766284714155,"cross_entropy_loss":0.9542783174225851,"decoded_embeddings":{"us-code-10-18506-aa249addb79d49ec":[0.34254551829009605,-0.23230619161451083,0.6918992468745954,0.08449684450766815,-0.21348736283377104,-0.21504188900823643,0.4165445237547304,-0.006749103128739095],"us-code-41-110-e0217859e5006f6d":[0.043140267534358775,-0.5244629911364707,0.2489212602758242,-0.1541448480289721,-0.40569107970338136,0.2819716918208704,0.44403228634806124,-0.40518613437607476]},"embedding_cosine_similarity":0.19142337152858444,"frame_ranking_loss":0.0,"reconstruction_loss":0.37306081535925584,"sample_count":2,"symbolic_validity_penalty":0.5},"claimed_count":4,"claimed_open_count":15,"completed_count":2,"completed_todo_ids":["019c4c595ffee7af","293a5529e1d3df37"],"cosine_similarity_delta":0.4241609141500162,"created_at":"2026-05-16T15:49:53+00:00","cross_entropy_delta":0.0,"failed_validation_count":2,"failed_validation_todo_ids":["cb76011f6d07afab","f54d60302cb94e56"],"improved":true,"iteration":1,"loss_seeded_count":9,"pending_count":19,"program_synthesis_pending_count":7,"program_synthesis_seeded_count":2,"seeded_count":11,"validation_after":{"cosine_loss":0.7187325673178155,"cross_entropy_loss":11.768253547731437,"decoded_embeddings":{"us-code-12-1721-4576a78fc735f464":[-0.31036407358241835,-0.4935836827586819,0.11070557651119134,-0.014773919764822924,-0.5168624492672172,-0.13614431803596394,0.08415652199898876,-0.4353900238528737],"us-code-15-2201-be3d49bbd076c1c7":[-0.37594562969514106,-0.4657046234868877,0.4713378528894461,-0.00811158648498611,-0.05751576083866075,0.2713052476194397,0.21578774036214488,-0.045418213935491704]},"embedding_cosine_similarity":0.28126743268218457,"frame_ranking_loss":0.0,"reconstruction_loss":0.41657417774971894,"sample_count":2,"symbolic_validity_penalty":0.0},"validation_before":{"cosine_loss":0.8430192712346967,"cross_entropy_loss":11.768253547731437,"decoded_embeddings":{"us-code-12-1721-4576a78fc735f464":[-0.26742317960840273,-0.5011310888868652,0.11440795898166281,0.08630598966190524,-0.5817861737042264,-0.0324064150228081,0.2244027947089617,-0.47048632751926],"us-code-15-2201-be3d49bbd076c1c7":[-0.3308365530226821,-0.47364169212846635,0.4750743502105053,0.09636215451813274,-0.12452307436768291,0.3789696912971969,0.36142705645657935,-0.08174062625844797]},"embedding_cosine_similarity":0.1569807287653034,"frame_ranking_loss":0.0,"reconstruction_loss":0.47798886567431365,"sample_count":2,"symbolic_validity_penalty":0.0},"validation_cosine_similarity_delta":0.12428670391688118,"validation_cross_entropy_delta":0.0,"worker_id":"random-uscode-daemon-detached"}],"stopped_reason":"max_iterations","validation_final_evaluation":{"cosine_loss":0.7187325673178155,"cross_entropy_loss":11.768253547731437,"decoded_embeddings":{"us-code-12-1721-4576a78fc735f464":[-0.31036407358241835,-0.4935836827586819,0.11070557651119134,-0.014773919764822924,-0.5168624492672172,-0.13614431803596394,0.08415652199898876,-0.4353900238528737],"us-code-15-2201-be3d49bbd076c1c7":[-0.37594562969514106,-0.4657046234868877,0.4713378528894461,-0.00811158648498611,-0.05751576083866075,0.2713052476194397,0.21578774036214488,-0.045418213935491704]},"embedding_cosine_similarity":0.28126743268218457,"frame_ranking_loss":0.0,"reconstruction_loss":0.41657417774971894,"sample_count":2,"symbolic_validity_penalty":0.0}}
