{"final_evaluation":{"cosine_loss":1.0649013605002302,"cross_entropy_loss":5.262570749066795,"decoded_embeddings":{"us-code-26-1059-12077f4760ee872b":[-0.437107,-0.739077,0.128379,-0.266559,0.268844,-0.160994,0.275136,-0.035667],"us-code-38-8525-6769176e87250c30":[0.115223,-0.683642,-0.230068,-0.274366,0.424926,-0.266667,0.333555,0.167976],"us-code-7-1738c-9c5932231caf5ed9":[-0.272159,0.60522,0.440381,-0.346912,-0.283684,-0.349556,-0.160292,-0.13037],"us-code-7-7912-9bc8ef210f76c35f":[-0.4205,0.48626,-0.238744,-0.026979,-0.480893,-0.494137,-0.231069,0.013504]},"embedding_cosine_similarity":-0.06490136050023025,"frame_ranking_loss":0.0,"reconstruction_loss":0.4814851099943125,"sample_count":4,"symbolic_validity_penalty":0.0},"steps":[{"after":{"cosine_loss":1.0649013605002302,"cross_entropy_loss":5.262570749066795,"decoded_embeddings":{"us-code-26-1059-12077f4760ee872b":[-0.437107,-0.739077,0.128379,-0.266559,0.268844,-0.160994,0.275136,-0.035667],"us-code-38-8525-6769176e87250c30":[0.115223,-0.683642,-0.230068,-0.274366,0.424926,-0.266667,0.333555,0.167976],"us-code-7-1738c-9c5932231caf5ed9":[-0.272159,0.60522,0.440381,-0.346912,-0.283684,-0.349556,-0.160292,-0.13037],"us-code-7-7912-9bc8ef210f76c35f":[-0.4205,0.48626,-0.238744,-0.026979,-0.480893,-0.494137,-0.231069,0.013504]},"embedding_cosine_similarity":-0.06490136050023025,"frame_ranking_loss":0.0,"reconstruction_loss":0.4814851099943125,"sample_count":4,"symbolic_validity_penalty":0.0},"applied_count":0,"applied_updates":[],"autoencoder_claimed_count":1,"before":{"cosine_loss":1.0649013605002302,"cross_entropy_loss":5.262570749066795,"decoded_embeddings":{"us-code-26-1059-12077f4760ee872b":[-0.437107,-0.739077,0.128379,-0.266559,0.268844,-0.160994,0.275136,-0.035667],"us-code-38-8525-6769176e87250c30":[0.115223,-0.683642,-0.230068,-0.274366,0.424926,-0.266667,0.333555,0.167976],"us-code-7-1738c-9c5932231caf5ed9":[-0.272159,0.60522,0.440381,-0.346912,-0.283684,-0.349556,-0.160292,-0.13037],"us-code-7-7912-9bc8ef210f76c35f":[-0.4205,0.48626,-0.238744,-0.026979,-0.480893,-0.494137,-0.231069,0.013504]},"embedding_cosine_similarity":-0.06490136050023025,"frame_ranking_loss":0.0,"reconstruction_loss":0.4814851099943125,"sample_count":4,"symbolic_validity_penalty":0.0},"claimed_count":1,"claimed_open_count":1,"completed_count":0,"completed_todo_ids":[],"cosine_similarity_delta":0.0,"created_at":"2026-05-18T06:22:38+00:00","cross_entropy_delta":0.0,"failed_validation_count":1,"failed_validation_todo_ids":["7e5c8421fc165801"],"improved":false,"iteration":1,"loss_seeded_count":12,"pending_count":4010,"program_synthesis_pending_count":512,"program_synthesis_seeded_count":0,"seeded_count":12,"validation_after":{"cosine_loss":1.2728062691049966,"cross_entropy_loss":1.8634351201396753,"decoded_embeddings":{"us-code-16-110c-a823d6db129f108b":[-0.319772,0.294704,-0.312385,0.177451,0.20438,0.409515,-0.223398,-0.649955],"us-code-23-514-0bd6e146c274326b":[-0.20948,0.00084,0.411117,-0.463165,-0.32635,0.665082,-0.056138,-0.143482],"us-code-33-2736-eff42aea2bf334e8":[-0.360395,-0.579955,0.404624,-0.091789,0.027448,-0.211673,0.119189,-0.549415],"us-code-43-1231 to 1234.-0d5922ba83d06a0b":[0.137917,-0.624764,0.671127,0.12715,-0.167727,-0.180105,0.096535,-0.232767]},"embedding_cosine_similarity":-0.2728062691049967,"frame_ranking_loss":0.0,"reconstruction_loss":0.4917350913604375,"sample_count":4,"symbolic_validity_penalty":0.0},"validation_before":{"cosine_loss":1.2728062691049966,"cross_entropy_loss":1.8634351201396753,"decoded_embeddings":{"us-code-16-110c-a823d6db129f108b":[-0.319772,0.294704,-0.312385,0.177451,0.20438,0.409515,-0.223398,-0.649955],"us-code-23-514-0bd6e146c274326b":[-0.20948,0.00084,0.411117,-0.463165,-0.32635,0.665082,-0.056138,-0.143482],"us-code-33-2736-eff42aea2bf334e8":[-0.360395,-0.579955,0.404624,-0.091789,0.027448,-0.211673,0.119189,-0.549415],"us-code-43-1231 to 1234.-0d5922ba83d06a0b":[0.137917,-0.624764,0.671127,0.12715,-0.167727,-0.180105,0.096535,-0.232767]},"embedding_cosine_similarity":-0.2728062691049967,"frame_ranking_loss":0.0,"reconstruction_loss":0.4917350913604375,"sample_count":4,"symbolic_validity_penalty":0.0},"validation_cosine_similarity_delta":0.0,"validation_cross_entropy_delta":0.0,"worker_id":"random-uscode-daemon-detached"}],"stopped_reason":"no_validated_improvement","validation_final_evaluation":{"cosine_loss":1.2728062691049966,"cross_entropy_loss":1.8634351201396753,"decoded_embeddings":{"us-code-16-110c-a823d6db129f108b":[-0.319772,0.294704,-0.312385,0.177451,0.20438,0.409515,-0.223398,-0.649955],"us-code-23-514-0bd6e146c274326b":[-0.20948,0.00084,0.411117,-0.463165,-0.32635,0.665082,-0.056138,-0.143482],"us-code-33-2736-eff42aea2bf334e8":[-0.360395,-0.579955,0.404624,-0.091789,0.027448,-0.211673,0.119189,-0.549415],"us-code-43-1231 to 1234.-0d5922ba83d06a0b":[0.137917,-0.624764,0.671127,0.12715,-0.167727,-0.180105,0.096535,-0.232767]},"embedding_cosine_similarity":-0.2728062691049967,"frame_ranking_loss":0.0,"reconstruction_loss":0.4917350913604375,"sample_count":4,"symbolic_validity_penalty":0.0}}
