{"final_evaluation":{"cosine_loss":0.9198332699734701,"cross_entropy_loss":5.261979828228316,"decoded_embeddings":{"us-code-10-1401a-eaeac487c8dec8ce":[-0.923155,-0.055665,0.283665,-0.030276,-0.123293,0.077959,0.185336,-0.087613],"us-code-16-1415-7749d3af1cb5816f":[-0.336347,-0.625841,0.062205,0.100884,0.314615,-0.407624,0.017246,-0.464446],"us-code-43-852b.-e860521f1fb1011d":[0.079715,-0.102621,-0.623361,0.341459,-0.095596,-0.44072,-0.22204,-0.474622],"us-code-7-1471-04ee1ac7fb635c23":[0.227878,-0.595681,0.049243,0.030016,-0.281627,-0.250881,-0.090555,-0.662914]},"embedding_cosine_similarity":0.0801667300265299,"frame_ranking_loss":0.0,"reconstruction_loss":0.4811755160584375,"sample_count":4,"symbolic_validity_penalty":0.0},"steps":[{"after":{"cosine_loss":0.9198332699734701,"cross_entropy_loss":5.261979828228316,"decoded_embeddings":{"us-code-10-1401a-eaeac487c8dec8ce":[-0.923155,-0.055665,0.283665,-0.030276,-0.123293,0.077959,0.185336,-0.087613],"us-code-16-1415-7749d3af1cb5816f":[-0.336347,-0.625841,0.062205,0.100884,0.314615,-0.407624,0.017246,-0.464446],"us-code-43-852b.-e860521f1fb1011d":[0.079715,-0.102621,-0.623361,0.341459,-0.095596,-0.44072,-0.22204,-0.474622],"us-code-7-1471-04ee1ac7fb635c23":[0.227878,-0.595681,0.049243,0.030016,-0.281627,-0.250881,-0.090555,-0.662914]},"embedding_cosine_similarity":0.0801667300265299,"frame_ranking_loss":0.0,"reconstruction_loss":0.4811755160584375,"sample_count":4,"symbolic_validity_penalty":0.0},"applied_count":0,"applied_updates":[],"autoencoder_claimed_count":1,"before":{"cosine_loss":0.9198332699734701,"cross_entropy_loss":5.261979828228316,"decoded_embeddings":{"us-code-10-1401a-eaeac487c8dec8ce":[-0.923155,-0.055665,0.283665,-0.030276,-0.123293,0.077959,0.185336,-0.087613],"us-code-16-1415-7749d3af1cb5816f":[-0.336347,-0.625841,0.062205,0.100884,0.314615,-0.407624,0.017246,-0.464446],"us-code-43-852b.-e860521f1fb1011d":[0.079715,-0.102621,-0.623361,0.341459,-0.095596,-0.44072,-0.22204,-0.474622],"us-code-7-1471-04ee1ac7fb635c23":[0.227878,-0.595681,0.049243,0.030016,-0.281627,-0.250881,-0.090555,-0.662914]},"embedding_cosine_similarity":0.0801667300265299,"frame_ranking_loss":0.0,"reconstruction_loss":0.4811755160584375,"sample_count":4,"symbolic_validity_penalty":0.0},"claimed_count":1,"claimed_open_count":9,"completed_count":0,"completed_todo_ids":[],"cosine_similarity_delta":0.0,"created_at":"2026-05-18T04:15:19+00:00","cross_entropy_delta":0.0,"failed_validation_count":1,"failed_validation_todo_ids":["5fa3f90010e560a9"],"improved":false,"iteration":1,"loss_seeded_count":12,"pending_count":5825,"program_synthesis_pending_count":512,"program_synthesis_seeded_count":0,"seeded_count":12,"validation_after":{"cosine_loss":0.8219911006940808,"cross_entropy_loss":2.9988431623193432,"decoded_embeddings":{"us-code-22-2805-7504fb811346007a":[-0.360874,0.162368,-0.004624,0.0,0.472544,-0.690233,0.302298,-0.22865],"us-code-26-7502-3afae7e46281290c":[-0.241435,-0.439675,0.235629,-0.020524,0.081138,-0.071822,0.650038,0.508095],"us-code-42-300u-079e91226a049642":[-0.313145,-0.70377,0.532821,0.030767,0.133333,0.179918,0.26429,-0.042493],"us-code-42-679a.-a87ae0e3a567da90":[-0.203475,-0.28666,0.180839,0.887419,0.01216,0.046457,-0.231474,0.017959]},"embedding_cosine_similarity":0.17800889930591923,"frame_ranking_loss":0.0,"reconstruction_loss":0.3482270380115625,"sample_count":4,"symbolic_validity_penalty":0.0},"validation_before":{"cosine_loss":0.8219911006940808,"cross_entropy_loss":2.9988431623193432,"decoded_embeddings":{"us-code-22-2805-7504fb811346007a":[-0.360874,0.162368,-0.004624,0.0,0.472544,-0.690233,0.302298,-0.22865],"us-code-26-7502-3afae7e46281290c":[-0.241435,-0.439675,0.235629,-0.020524,0.081138,-0.071822,0.650038,0.508095],"us-code-42-300u-079e91226a049642":[-0.313145,-0.70377,0.532821,0.030767,0.133333,0.179918,0.26429,-0.042493],"us-code-42-679a.-a87ae0e3a567da90":[-0.203475,-0.28666,0.180839,0.887419,0.01216,0.046457,-0.231474,0.017959]},"embedding_cosine_similarity":0.17800889930591923,"frame_ranking_loss":0.0,"reconstruction_loss":0.3482270380115625,"sample_count":4,"symbolic_validity_penalty":0.0},"validation_cosine_similarity_delta":0.0,"validation_cross_entropy_delta":0.0,"worker_id":"random-uscode-daemon-detached"}],"stopped_reason":"no_validated_improvement","validation_final_evaluation":{"cosine_loss":0.8219911006940808,"cross_entropy_loss":2.9988431623193432,"decoded_embeddings":{"us-code-22-2805-7504fb811346007a":[-0.360874,0.162368,-0.004624,0.0,0.472544,-0.690233,0.302298,-0.22865],"us-code-26-7502-3afae7e46281290c":[-0.241435,-0.439675,0.235629,-0.020524,0.081138,-0.071822,0.650038,0.508095],"us-code-42-300u-079e91226a049642":[-0.313145,-0.70377,0.532821,0.030767,0.133333,0.179918,0.26429,-0.042493],"us-code-42-679a.-a87ae0e3a567da90":[-0.203475,-0.28666,0.180839,0.887419,0.01216,0.046457,-0.231474,0.017959]},"embedding_cosine_similarity":0.17800889930591923,"frame_ranking_loss":0.0,"reconstruction_loss":0.3482270380115625,"sample_count":4,"symbolic_validity_penalty":0.0}}
