{"final_evaluation":{"cosine_loss":0.5889426315573866,"cross_entropy_loss":0.9346292675552801,"decoded_embeddings":{"us-code-16-460l-5a-122678c241494e33":[-0.2074615792509269,-0.1802968197739751,0.2934508415900219,-0.3263351742545163,-0.0782948297176811,0.2775516361030969,0.5506756104229161,-0.10264778129632862],"us-code-25-3741-a5e014ea7f4d1a76":[-0.4764390654271867,0.09592625091651485,-0.2921398017486192,-0.03521225434323689,0.1127112389561867,-0.6366026209516973,0.4518045079831007,0.035962913891069814]},"embedding_cosine_similarity":0.4110573684426134,"frame_ranking_loss":0.0,"reconstruction_loss":0.2305687095254991,"sample_count":2,"symbolic_validity_penalty":0.0},"steps":[{"after":{"cosine_loss":0.5889426315573866,"cross_entropy_loss":0.9346292675552801,"decoded_embeddings":{"us-code-16-460l-5a-122678c241494e33":[-0.2074615792509269,-0.1802968197739751,0.2934508415900219,-0.3263351742545163,-0.0782948297176811,0.2775516361030969,0.5506756104229161,-0.10264778129632862],"us-code-25-3741-a5e014ea7f4d1a76":[-0.4764390654271867,0.09592625091651485,-0.2921398017486192,-0.03521225434323689,0.1127112389561867,-0.6366026209516973,0.4518045079831007,0.035962913891069814]},"embedding_cosine_similarity":0.4110573684426134,"frame_ranking_loss":0.0,"reconstruction_loss":0.2305687095254991,"sample_count":2,"symbolic_validity_penalty":0.0},"applied_count":2,"applied_updates":[{"action":"improve_encoder_decoder_reconstruction","changed":["decoded_embedding"],"sample_ids":["us-code-25-3741-a5e014ea7f4d1a76"],"todo_id":"56d1fc07de41f24f"},{"action":"improve_encoder_decoder_reconstruction","changed":["decoded_embedding"],"sample_ids":["us-code-16-460l-5a-122678c241494e33"],"todo_id":"9b4f6162fc0d4ff6"}],"autoencoder_claimed_count":4,"before":{"cosine_loss":0.9631927963143996,"cross_entropy_loss":0.9346292675552801,"decoded_embeddings":{"us-code-16-460l-5a-122678c241494e33":[-0.3042069500249478,-0.2958127932878536,0.1717763284069855,-0.45873269258150645,-0.017880986876664187,0.512589368454971,0.5895097792037222,-0.2691256054925294],"us-code-25-3741-a5e014ea7f4d1a76":[-0.5561874205695823,0.4339276678886864,-0.12561906899815892,-0.061510672457649185,-0.032510014725084385,-0.6719774946022631,0.2696136773108009,-0.14818278147857358]},"embedding_cosine_similarity":0.036807203685600406,"frame_ranking_loss":0.0,"reconstruction_loss":0.4008296493658721,"sample_count":2,"symbolic_validity_penalty":0.0},"claimed_count":4,"claimed_open_count":6,"completed_count":2,"completed_todo_ids":["56d1fc07de41f24f","9b4f6162fc0d4ff6"],"cosine_similarity_delta":0.374250164757013,"created_at":"2026-05-16T15:53:04+00:00","cross_entropy_delta":0.0,"failed_validation_count":2,"failed_validation_todo_ids":["318518cf319b01e4","e6cb534c6f4c6634"],"improved":true,"iteration":1,"loss_seeded_count":6,"pending_count":12,"program_synthesis_pending_count":4,"program_synthesis_seeded_count":2,"seeded_count":8,"validation_after":{"cosine_loss":0.7612142815018764,"cross_entropy_loss":3.8850183508423997,"decoded_embeddings":{"us-code-51-30701.-ecf0131935b73a1a":[-0.18412880198824352,-0.12223628249915054,0.4073125325197512,0.15946633184914438,-0.15717742120617442,0.4502137711618393,0.8873639362713441,-0.09043842418297224],"us-code-7-7751-fb765aefd661ad56":[-0.23599806312832095,-0.18095910980213195,0.6850643819594301,0.28847249729813007,0.333389860676314,-0.060355060811871405,0.5684490066598349,-0.09664952528939547]},"embedding_cosine_similarity":0.23878571849812355,"frame_ranking_loss":0.0,"reconstruction_loss":0.2859136030887206,"sample_count":2,"symbolic_validity_penalty":0.0},"validation_before":{"cosine_loss":0.8184981852587696,"cross_entropy_loss":3.8850183508423997,"decoded_embeddings":{"us-code-51-30701.-ecf0131935b73a1a":[-0.22125437388193603,-0.0813437100119615,0.41310764977571124,0.12495495882549394,-0.17235742453105052,0.49533723674466623,0.8601296124951688,-0.16355256983787952],"us-code-7-7751-fb765aefd661ad56":[-0.27970684682383196,-0.14202575893258781,0.6862144858661454,0.2460803063488934,0.3196642879296427,-0.0023590478906262147,0.5409394036232653,-0.18173103311702712]},"embedding_cosine_similarity":0.1815018147412303,"frame_ranking_loss":0.0,"reconstruction_loss":0.30640189759031,"sample_count":2,"symbolic_validity_penalty":0.0},"validation_cosine_similarity_delta":0.05728390375689324,"validation_cross_entropy_delta":0.0,"worker_id":"random-uscode-daemon-detached"}],"stopped_reason":"max_iterations","validation_final_evaluation":{"cosine_loss":0.7612142815018764,"cross_entropy_loss":3.8850183508423997,"decoded_embeddings":{"us-code-51-30701.-ecf0131935b73a1a":[-0.18412880198824352,-0.12223628249915054,0.4073125325197512,0.15946633184914438,-0.15717742120617442,0.4502137711618393,0.8873639362713441,-0.09043842418297224],"us-code-7-7751-fb765aefd661ad56":[-0.23599806312832095,-0.18095910980213195,0.6850643819594301,0.28847249729813007,0.333389860676314,-0.060355060811871405,0.5684490066598349,-0.09664952528939547]},"embedding_cosine_similarity":0.23878571849812355,"frame_ranking_loss":0.0,"reconstruction_loss":0.2859136030887206,"sample_count":2,"symbolic_validity_penalty":0.0}}
