{"final_evaluation":{"cosine_loss":0.6208924138461873,"cross_entropy_loss":1.878028581352262,"decoded_embeddings":{"us-code-18-3442-a4e431af8e648fa6":[-0.147968,0.064736,-0.154904,0.684353,0.280009,-0.528935,0.319314,0.146427],"us-code-22-261-d04fcc215145f003":[-0.015513,-0.028581,0.471901,0.06443,0.027673,-0.469525,0.025436,-0.741778],"us-code-33-702m-1ef13c4cd0e47b33":[-0.652427,0.208675,0.086567,-0.109922,0.286611,-0.437659,0.088344,-0.479293],"us-code-34-10287-f25d4a893c70d25f":[-0.455525,-0.239816,0.209526,0.030721,0.062106,-0.196924,0.099206,-0.798538]},"embedding_cosine_similarity":0.37910758615381274,"frame_ranking_loss":0.0,"reconstruction_loss":0.2765323010499375,"sample_count":4,"symbolic_validity_penalty":0.25},"steps":[{"after":{"cosine_loss":0.6208924138461873,"cross_entropy_loss":1.878028581352262,"decoded_embeddings":{"us-code-18-3442-a4e431af8e648fa6":[-0.147968,0.064736,-0.154904,0.684353,0.280009,-0.528935,0.319314,0.146427],"us-code-22-261-d04fcc215145f003":[-0.015513,-0.028581,0.471901,0.06443,0.027673,-0.469525,0.025436,-0.741778],"us-code-33-702m-1ef13c4cd0e47b33":[-0.652427,0.208675,0.086567,-0.109922,0.286611,-0.437659,0.088344,-0.479293],"us-code-34-10287-f25d4a893c70d25f":[-0.455525,-0.239816,0.209526,0.030721,0.062106,-0.196924,0.099206,-0.798538]},"embedding_cosine_similarity":0.37910758615381274,"frame_ranking_loss":0.0,"reconstruction_loss":0.2765323010499375,"sample_count":4,"symbolic_validity_penalty":0.25},"applied_count":0,"applied_updates":[],"autoencoder_claimed_count":1,"before":{"cosine_loss":0.6208924138461873,"cross_entropy_loss":1.878028581352262,"decoded_embeddings":{"us-code-18-3442-a4e431af8e648fa6":[-0.147968,0.064736,-0.154904,0.684353,0.280009,-0.528935,0.319314,0.146427],"us-code-22-261-d04fcc215145f003":[-0.015513,-0.028581,0.471901,0.06443,0.027673,-0.469525,0.025436,-0.741778],"us-code-33-702m-1ef13c4cd0e47b33":[-0.652427,0.208675,0.086567,-0.109922,0.286611,-0.437659,0.088344,-0.479293],"us-code-34-10287-f25d4a893c70d25f":[-0.455525,-0.239816,0.209526,0.030721,0.062106,-0.196924,0.099206,-0.798538]},"embedding_cosine_similarity":0.37910758615381274,"frame_ranking_loss":0.0,"reconstruction_loss":0.2765323010499375,"sample_count":4,"symbolic_validity_penalty":0.25},"claimed_count":1,"claimed_open_count":3,"completed_count":0,"completed_todo_ids":[],"cosine_similarity_delta":0.0,"created_at":"2026-05-17T15:13:46+00:00","cross_entropy_delta":0.0,"failed_validation_count":1,"failed_validation_todo_ids":["b1fe8a8d7c45de90"],"improved":false,"iteration":1,"loss_seeded_count":17,"pending_count":1383,"program_synthesis_pending_count":404,"program_synthesis_seeded_count":3,"seeded_count":20,"validation_after":{"cosine_loss":0.9406534507029604,"cross_entropy_loss":4.25780533400295,"decoded_embeddings":{"us-code-15-42-b3aae05a21b068c1":[-0.176207,0.769373,0.359536,0.409389,0.204346,-0.041337,-0.155937,-0.111212],"us-code-16-715n-cdea8ac7ffa99c4a":[-0.268129,-0.124946,0.380276,-0.077111,0.098869,-0.77847,0.313564,-0.218695],"us-code-26-7121-263d9db44c2c66b1":[-0.686136,-0.426427,-0.056345,0.065036,0.226394,-0.087197,0.368778,-0.380945],"us-code-42-254c.-da99992c052079fd":[-0.137893,-0.562111,0.073178,0.647627,0.079226,0.018287,0.427519,0.225514]},"embedding_cosine_similarity":0.05934654929703965,"frame_ranking_loss":0.0,"reconstruction_loss":0.5230048034487813,"sample_count":4,"symbolic_validity_penalty":0.0},"validation_before":{"cosine_loss":0.9406534507029604,"cross_entropy_loss":4.25780533400295,"decoded_embeddings":{"us-code-15-42-b3aae05a21b068c1":[-0.176207,0.769373,0.359536,0.409389,0.204346,-0.041337,-0.155937,-0.111212],"us-code-16-715n-cdea8ac7ffa99c4a":[-0.268129,-0.124946,0.380276,-0.077111,0.098869,-0.77847,0.313564,-0.218695],"us-code-26-7121-263d9db44c2c66b1":[-0.686136,-0.426427,-0.056345,0.065036,0.226394,-0.087197,0.368778,-0.380945],"us-code-42-254c.-da99992c052079fd":[-0.137893,-0.562111,0.073178,0.647627,0.079226,0.018287,0.427519,0.225514]},"embedding_cosine_similarity":0.05934654929703965,"frame_ranking_loss":0.0,"reconstruction_loss":0.5230048034487813,"sample_count":4,"symbolic_validity_penalty":0.0},"validation_cosine_similarity_delta":0.0,"validation_cross_entropy_delta":0.0,"worker_id":"random-uscode-daemon-detached"}],"stopped_reason":"no_validated_improvement","validation_final_evaluation":{"cosine_loss":0.9406534507029604,"cross_entropy_loss":4.25780533400295,"decoded_embeddings":{"us-code-15-42-b3aae05a21b068c1":[-0.176207,0.769373,0.359536,0.409389,0.204346,-0.041337,-0.155937,-0.111212],"us-code-16-715n-cdea8ac7ffa99c4a":[-0.268129,-0.124946,0.380276,-0.077111,0.098869,-0.77847,0.313564,-0.218695],"us-code-26-7121-263d9db44c2c66b1":[-0.686136,-0.426427,-0.056345,0.065036,0.226394,-0.087197,0.368778,-0.380945],"us-code-42-254c.-da99992c052079fd":[-0.137893,-0.562111,0.073178,0.647627,0.079226,0.018287,0.427519,0.225514]},"embedding_cosine_similarity":0.05934654929703965,"frame_ranking_loss":0.0,"reconstruction_loss":0.5230048034487813,"sample_count":4,"symbolic_validity_penalty":0.0}}
